message_id,date_utc,url,keywords,snippet
325095,2026-07-17T15:12:55+00:00,https://t.me/Udemy_Free_Courses4/325095,200-301|CCNA,"**Title**: Cisco CCNA 200-301 Certification Mock Exams & Practice Tests **Language**: English (US)  **Headline**: __Deep dive into modern switching topologies, core routing logic, wireless deployments, and programmatic infrastructure.__  **Category**: [IT & Software](https://m.forasm.com/it-and-software) > [IT Certifications](https://m.forasm.com/it-and-software/it-certification)"
325215,2026-07-18T02:12:19+00:00,https://t.me/Udemy_Free_Courses4/325215,CompTIA Security+|SY0-701,"**Title**: CompTIA Security+ SY0-701 Mock Exams & Practice Tests 2026 **Language**: English (US)  **Headline**: __Covering threats & vulnerabilities, security architecture, security operations & governance to pass the Security+ exam__  **Category**: [IT & Software](https://m.forasm.com/it-and-software) > [IT Certifications](https://m.forasm.com/it-and-software/it-certification)"
325217,2026-07-18T02:22:11+00:00,https://t.me/Udemy_Free_Courses4/325217,CompTIA Security+|SY0-701,"**CompTIA Security+ SY0-701 Mock Exams & Practice Tests 2026**  Covering threats & vulnerabilities, security architecture, security operations & governance to pass the Security+ exam  ⭐ 4.8 | ~~$199.99~~ Limited **FREE**  #IT #FreeCourses #Udemy #Learning"
325220,2026-07-18T02:43:17+00:00,https://t.me/Udemy_Free_Courses4/325220,AZ-104,"**Title**: AZ-104 Microsoft Azure Administrator Associate Practice Test **Language**: English (US)  **Headline**: __Pass AZ-104 and manage Azure setups in real corporate systems—handling identity, networks, compute, storage and security__  **Category**: [IT & Software](https://m.forasm.com/it-and-software) > [IT Certifications](https://m.forasm.com/it-and-software/it-certification)"
325444,2026-07-19T06:45:52+00:00,https://t.me/Udemy_Free_Courses4/325444,CCNA,"**Title**: CCNA Networking Essentials: A Comprehensive Cisco Course **Language**: English (US)  **Headline**: __CCNA Networking: Master TCP/IP, VLANs, Routing Protocols, and Security Fundamentals for Success in IT__  **Category**: [IT & Software](https://m.forasm.com/it-and-software) > [IT Certifications](https://m.forasm.com/it-and-software/it-certification)"
325450,2026-07-19T06:52:18+00:00,https://t.me/Udemy_Free_Courses4/325450,CCNA,"**CCNA Networking Essentials: A Comprehensive Cisco Course**  CCNA Networking: Master TCP/IP, VLANs, Routing Protocols, and Security Fundamentals for Success in IT  ⭐ 4.8 | ~~$199.99~~ Limited **FREE**  #IT #FreeCourses #Udemy #Learning"
326200,2026-07-22T06:42:49+00:00,https://t.me/Udemy_Free_Courses4/326200,CCNA,**Title**: Examen Cisco CCNA: 100 Preguntas y Respuestas Esenciales **Language**: Spanish (Spain)  **Headline**: __Prepárate para el éxito: Domina el examen CCNA con 100 preguntas clave__  **Category**: [IT & Software](https://m.forasm.com/it-and-software) > [Network & Security](https://m.forasm.com/it-and-software/network-and-security)
326255,2026-07-22T09:09:09+00:00,https://t.me/Udemy_Free_Courses4/326255,SC-200,"**SC-200: Microsoft Security Operations Analyst Exam Prep 2026**  Step into the world of modern security operations and learn how organizations protect their digital environments against advanced cyber threats. This content is designed to build strong, practical understanding of security monitoring, th...  ⭐ 4.8 | ~~$199.99~~ Limited **FREE**  #IT #FreeCourses #Udemy #Learning"
326340,2026-07-22T13:47:00+00:00,https://t.me/Udemy_Free_Courses4/326340,SC-200,**Title**: SC-200: Microsoft Security Operations Analyst Exam Prep 2026 **Language**: English (US)  **Headline**: __Master the key skills for the SC-200 Security Operations Analyst exam and advance toward certification.__  **Category**: [IT & Software](https://m.forasm.com/it-and-software) > [IT Certifications](https://m.forasm.com/it-and-software/it-certification)
326532,2026-07-23T06:38:11+00:00,https://t.me/Udemy_Free_Courses4/326532,AZ-104,**AZ-104 Microsoft Azure Administrator Associate Practice Test**  AZ-104: Microsoft Azure Administrator Practice Tests & Exams Are you preparing for the AZ-104: Microsoft Azure Administrator Practice Tests & Exams and wondering if you're truly ready for the certification exam? Looking for realistic pra...  ⭐ 4.8 | ~~$199.99~~ Limited **FREE**  #IT #FreeCourses #Udemy #Learning
326537,2026-07-23T06:42:32+00:00,https://t.me/Udemy_Free_Courses4/326537,AZ-104,"**Title**: AZ-104 Microsoft Azure Administrator Associate Practice Test **Language**: English (US)  **Headline**: __Pass AZ-104 and manage Azure setups in real corporate systems—handling identity, networks, compute, storage and security__  **Category**: [IT & Software](https://m.forasm.com/it-and-software) > [IT Certifications](https://m.forasm.com/it-and-software/it-certification)"
326540,2026-07-23T06:43:00+00:00,https://t.me/Udemy_Free_Courses4/326540,CompTIA Security+|SY0-701,"**Title**: CompTIA Security+ SY0-701 Mock Exams & Practice Tests 2026 **Language**: English (US)  **Headline**: __Covering threats & vulnerabilities, security architecture, security operations & governance to pass the Security+ exam__  **Category**: [IT & Software](https://m.forasm.com/it-and-software) > [IT Certifications](https://m.forasm.com/it-and-software/it-certification)"
326563,2026-07-23T06:47:16+00:00,https://t.me/Udemy_Free_Courses4/326563,200-301|CCNA,"**Title**: Cisco CCNA 200-301 Certification Mock Exams & Practice Tests **Language**: English (US)  **Headline**: __Deep dive into modern switching topologies, core routing logic, wireless deployments, and programmatic infrastructure.__  **Category**: [IT & Software](https://m.forasm.com/it-and-software) > [IT Certifications](https://m.forasm.com/it-and-software/it-certification)"
326574,2026-07-23T06:51:14+00:00,https://t.me/Udemy_Free_Courses4/326574,200-301|CCNA,"**Cisco CCNA 200-301 Certification Mock Exams & Practice Tests**  Deep dive into modern switching topologies, core routing logic, wireless deployments, and programmatic infrastructure.  ⭐ 4.8 | ~~$199.99~~ Limited **FREE**  #IT #FreeCourses #Udemy #Learning"
326953,2026-07-24T09:23:11+00:00,https://t.me/Udemy_Free_Courses4/326953,AZ-104,"**AZ-104:Microsoft Azure Administrator Associate Practice Test**  Prepare confidently for the AZ-104 Microsoft Azure Administrator Associate certification exam with realistic and carefully designed practice tests. This course is designed for Azure Administrators, Cloud Engineers, System Administrators,...  ⭐ 4.8 | ~~$199.99~~ Limited **FREE**  #IT #FreeCourses #Udemy #Learning"
326970,2026-07-24T09:44:24+00:00,https://t.me/Udemy_Free_Courses4/326970,AZ-104,"**Title**: AZ-104:Microsoft Azure Administrator Associate Practice Test **Language**: English (US)  **Headline**: __4 Full-Length Practice Tests | 240+ Questions | Azure Compute, Networking, Storage, Identity & Monitoring__  **Category**: [IT & Software](https://m.forasm.com/it-and-software) > [IT Certifications](https://m.forasm.com/it-and-software/it-certification)"
326980,2026-07-24T10:00:19+00:00,https://t.me/Udemy_Free_Courses4/326980,CompTIA Security+|SY0-701,**CompTIA Security+ SY0-701 Practice Tests 2026 | 1080 Qs**  The CompTIA Security+ (SY0-701) Practice Test course is designed for students and IT professionals who want to validate their cybersecurity knowledge and prepare for the official Security+ certification exam with confidence. This course...  ⭐ 4.8 | ~~$199.99~~ Limited **FREE**  #IT #FreeCourses #Udemy #Learning
327001,2026-07-24T11:00:23+00:00,https://t.me/Udemy_Free_Courses4/327001,AZ-104,**AZ-104 Practice Tests 2026 | Azure Administrator Associate**  The Azure Administrator Associate (AZ-104) Practice Test Course is a comprehensive exam-focused training resource designed to help students confidently prepare for and pass the official Microsoft AZ-104 certification exam . This course i...  ⭐ 4.8 | ~~$199.99~~ Limited **FREE**  #IT #FreeCourses #Udemy #Learning
327826,2026-07-29T07:15:51+00:00,https://t.me/Udemy_Free_Courses4/327826,CompTIA Security+|SY0-701,"**Practice Test For CompTIA Security+ SY0-701 2026**  Are you preparing for the CompTIA Security+ (SY0-701) certification exam and looking for realistic practice before exam day? This course is designed to help you strengthen your cybersecurity knowledge through original, text-based multipl...  ⭐ 4.8 | ~~$199.99~~ Limited **FREE**  #IT #FreeCourses #Udemy #Learning"
327865,2026-07-29T07:32:55+00:00,https://t.me/Udemy_Free_Courses4/327865,CompTIA Security+|SY0-701,"**Title**: Practice Test For CompTIA Security+ SY0-701 2026 **Language**: English (US)  **Headline**: __Practice Questions, Mock Exams & Detailed Explanations for CompTIA Security+ (SY0-701) Certification Exam Prep__  **Category**: [IT & Software](https://m.forasm.com/it-and-software) > [IT Certifications](https://m.forasm.com/it-and-software/it-certification)"
328925,2026-08-01T04:24:58+00:00,https://t.me/Udemy_Free_Courses4/328925,200-301|CCNA,"**Cisco Certified Network Associate (200-301) Practice | 2024**  Today, we embark on a journey into the world of networking with the CCNA 200-301 certification . This coveted badge validates your mastery of networking fundamentals, equipping you with the skills to build, manage, and secure modern netw...  ⭐ 4.8 | ~~$199.99~~ Limited **FREE**  #IT #FreeCourses #Udemy #Learning"
329234,2026-08-01T18:56:34+00:00,https://t.me/Udemy_Free_Courses4/329234,200-301|CCNA,"**CISCO CCNA 200-301 — 1500 Certified Exam Questions**  Every application, website, cloud service, video call, and digital transaction depends on one thing: networking. Modern organizations rely on secure and reliable network infrastructures to connect users, devices, applications, and data a...  ⭐ 4.8 | ~~$199.99~~ Limited **FREE**  #IT #FreeCourses #Udemy #Learning"
329279,2026-08-01T23:02:39+00:00,https://t.me/Udemy_Free_Courses4/329279,200-301|CCNA,"**Title**: CISCO CCNA 200-301 — 1500 Certified Exam Questions **Language**: English (US)  **Headline**: __Covers Network Fundamentals, Network Access, IP Connectivity, IP Services, Security & Automation__  **Category**: [IT & Software](https://m.forasm.com/it-and-software) > [IT Certifications](https://m.forasm.com/it-and-software/it-certification)"
329453,2026-08-02T08:25:57+00:00,https://t.me/Udemy_Free_Courses4/329453,200-301|CCNA,**Practice Tests For CCNA (200-301) Exam 2026**  Do you want to pass your CCNA exam without stress? I built this course to help you do just that. This is a full practice test course. It has multiple choice questions that feel just like the real exam. Every question comes with a clear e...  ⭐ 4.8 | ~~$199.99~~ Limited **FREE**  #IT #FreeCourses #Udemy #Learning
329457,2026-08-02T08:31:52+00:00,https://t.me/Udemy_Free_Courses4/329457,200-301|CCNA,**Title**: Practice Tests For CCNA (200-301) Exam 2026 **Language**: English (US)  **Headline**: __Learn Your Cisco Certification Fast with 6 Practice Tests and Clear Explanations for Every Question__  **Category**: [IT & Software](https://m.forasm.com/it-and-software) > [IT Certifications](https://m.forasm.com/it-and-software/it-certification)
329633,2026-08-02T19:06:23+00:00,https://t.me/Udemy_Free_Courses4/329633,CompTIA Security+|SY0-701,**CompTIA Security+ (SY0-701) Practice Exam 2026**  Step into the world of cybersecurity with a resource designed to transform beginners into confident defenders of digital assets. This comprehensive guide unpacks the essential principles and practical strategies needed to safeguard infor...  ⭐ 4.8 | ~~$199.99~~ Limited **FREE**  #IT #FreeCourses #Udemy #Learning
329639,2026-08-02T19:09:24+00:00,https://t.me/Udemy_Free_Courses4/329639,AZ-104,"**AZ-104 Microsoft Azure Administrator Certification Exam**  Unlock the power of cloud mastery with a transformative learning journey designed to propel your career into the next dimension of technology. This immersive program takes you deep into the heart of modern cloud infrastructure, giving yo...  ⭐ 4.8 | ~~$199.99~~ Limited **FREE**  #IT #FreeCourses #Udemy #Learning"
329879,2026-08-03T15:36:54+00:00,https://t.me/Udemy_Free_Courses4/329879,CompTIA Security+|SY0-701,**CompTIA Security+ (SY0-701): Practice Exams**  Please Note: This is a Practice Test-only course. It contains comprehensive multiple-choice assessments and detailed explanations to test your knowledge. There are no video lectures included. Are you preparing to take the official CompTI...  ⭐ 4.8 | ~~$199.99~~ Limited **FREE**  #IT #FreeCourses #Udemy #Learning
329898,2026-08-03T16:30:53+00:00,https://t.me/Udemy_Free_Courses4/329898,CompTIA Security+|SY0-701,**Title**: CompTIA Security+ (SY0-701): Practice Exams **Language**: English (US)  **Headline**: __Assess your security knowledge and pass the official CompTIA Security+ certification with highly realistic mock tests.__  **Category**: [IT & Software](https://m.forasm.com/it-and-software) > [IT Certifications](https://m.forasm.com/it-and-software/it-certification)
329924,2026-08-03T17:59:30+00:00,https://t.me/Udemy_Free_Courses4/329924,CompTIA Security+|SY0-701,**CompTIA Security+ SY0-701 Mock Exams & Practice Tests 2026**  CompTIA Security+ SY0-701 Mock Exams & Practice Tests 2026 Are you preparing for the CompTIA Security+ SY0-701 Mock Exams & Practice Tests 2026 and wondering if you're truly ready for the certification exam? Looking for realistic practic...  ⭐ 4.8 | ~~$199.99~~ Limited **FREE**  #IT #FreeCourses #Udemy #Learning
329926,2026-08-03T17:59:53+00:00,https://t.me/Udemy_Free_Courses4/329926,200-301|CCNA,**Cisco CCNA 200-301 Certification Mock Exams & Practice Tests**  Cisco CCNA 200-301 Certification Mock Exams & Practice Tests Are you preparing for the Cisco CCNA 200-301 Certification Mock Exams & Practice Tests and wondering if you're truly ready for the certification exam? Looking for realistic pra...  ⭐ 4.8 | ~~$199.99~~ Limited **FREE**  #IT #FreeCourses #Udemy #Learning
329930,2026-08-03T18:00:14+00:00,https://t.me/Udemy_Free_Courses4/329930,200-301|CCNA,"**Title**: Cisco CCNA 200-301 Certification Mock Exams & Practice Tests **Language**: English (US)  **Headline**: __Deep dive into modern switching topologies, core routing logic, wireless deployments, and programmatic infrastructure.__  **Category**: [IT & Software](https://m.forasm.com/it-and-software) > [IT Certifications](https://m.forasm.com/it-and-software/it-certification)"
329959,2026-08-03T18:02:23+00:00,https://t.me/Udemy_Free_Courses4/329959,CompTIA Security+|SY0-701,"**Title**: CompTIA Security+ SY0-701 Mock Exams & Practice Tests 2026 **Language**: English (US)  **Headline**: __Covering threats & vulnerabilities, security architecture, security operations & governance to pass the Security+ exam__  **Category**: [IT & Software](https://m.forasm.com/it-and-software) > [IT Certifications](https://m.forasm.com/it-and-software/it-certification)"
329960,2026-08-03T18:02:27+00:00,https://t.me/Udemy_Free_Courses4/329960,AZ-104,"**Title**: AZ-104 Microsoft Azure Administrator Associate Practice Test **Language**: English (US)  **Headline**: __Pass AZ-104 and manage Azure setups in real corporate systems—handling identity, networks, compute, storage and security__  **Category**: [IT & Software](https://m.forasm.com/it-and-software) > [IT Certifications](https://m.forasm.com/it-and-software/it-certification)"
329982,2026-08-03T18:07:00+00:00,https://t.me/Udemy_Free_Courses4/329982,AZ-104,**AZ-104 Microsoft Azure Administrator Associate Practice Test**  AZ-104: Microsoft Azure Administrator Practice Tests & Exams Are you preparing for the AZ-104: Microsoft Azure Administrator Practice Tests & Exams and wondering if you're truly ready for the certification exam? Looking for realistic pra...  ⭐ 4.8 | ~~$199.99~~ Limited **FREE**  #IT #FreeCourses #Udemy #Learning
330056,2026-08-03T21:32:57+00:00,https://t.me/Udemy_Free_Courses4/330056,200-301|CCNA,"**CISCO CCNA 200-301 — 1500 Certified Exam Questions**  Every application, website, cloud service, video call, and digital transaction depends on one thing: networking. Modern organizations rely on secure and reliable network infrastructures to connect users, devices, applications, and data a...  ⭐ 4.8 | ~~$199.99~~ Limited **FREE**  #IT #FreeCourses #Udemy #Learning"
330451,2026-08-04T22:02:24+00:00,https://t.me/Udemy_Free_Courses4/330451,200-301|CCNA,"**CCNA 200-301: Networking Essentials Practice Lab Test 2024**  Welcome to the CCNA 200-301: Networking Essentials Practice Lab Test 2024! Are you ready to take your networking skills to the next level? Whether you're a beginner or an experienced professional looking to refresh your knowledge, this c...  ⭐ 4.8 | ~~$199.99~~ Limited **FREE**  #Network #IT #FreeCourses #Udemy #Learning"
330466,2026-08-04T22:28:23+00:00,https://t.me/Udemy_Free_Courses4/330466,CompTIA Security+|SY0-701,"**CompTIA Security+ SYO-701: The Ultimate Practice Exam 2023!**  Prepare for the latest CompTIA Security+ SYO-007 Exam, which Launches on 7th November 2023. Our CompTIA Security+ SY0-701 certification practice exam is your passport to a future of boundless possibilities. In this practice exam, you'll...  ⭐ 4.4 | ~~$199.99~~ Limited **FREE**  #IT #FreeCourses #Udemy #Learning"
330492,2026-08-04T22:31:34+00:00,https://t.me/Udemy_Free_Courses4/330492,CompTIA Security+|SY0-701,**Title**: CompTIA Security+ SY0-701 | 6 Practice Tests | 2026 **Language**: English (UK)  **Headline**: __Master All 5 CompTIA Security+ Domains | 900 Exam-Realistic Questions | 6 Full Tests | Premium Explanations | 2026__  **Category**: [IT & Software](https://m.forasm.com/it-and-software) > [IT Certifications](https://m.forasm.com/it-and-software/it-certification)
330506,2026-08-04T22:32:44+00:00,https://t.me/Udemy_Free_Courses4/330506,200-301|CCNA,"**Title**: CCNA 200-301: Networking Essentials Practice Lab Test **Language**: English (US)  **Headline**: __Master Networking Concepts with Expertly Crafted Practice Tests. Gain Proficiency in TCP/IP, ACLs, Security, and Automat__  **Category**: [IT & Software](https://m.forasm.com/it-and-software) > [Network & Security](https://m.forasm.com/it-and-software/network-and-security)"
330688,2026-08-05T15:06:13+00:00,https://t.me/Udemy_Free_Courses4/330688,AZ-104,**AZ-104 Azure Administrator: Practice Exams & Certification**  Prepare with confidence and pass the Microsoft Azure Administrator AZ-104 certification exam on your first attempt. This course is designed to help you master the real exam environment through high-quality practice tests that simulate th...  ⭐ 4.8 | ~~$199.99~~ Limited **FREE**  #IT #FreeCourses #Udemy #Learning
330713,2026-08-05T17:01:09+00:00,https://t.me/Udemy_Free_Courses4/330713,SY0-701,"**Title**: Security+ SY0-701 Practice Tests & Exam Prep **Language**: English (US)  **Headline**: __600 practice questions covering all 5 SY0-701 domains: threats, architecture, operations, and governance__  **Category**: [IT & Software](https://m.forasm.com/it-and-software) > [IT Certifications](https://m.forasm.com/it-and-software/it-certification)"
330723,2026-08-05T17:02:28+00:00,https://t.me/Udemy_Free_Courses4/330723,SY0-701,"**Security+ SY0-701 Practice Tests & Exam Prep**  600 practice questions covering all 5 SY0-701 domains: threats, architecture, operations, and governance  ⭐ 4.8 | ~~$199.99~~ Limited **FREE**  #IT #FreeCourses #Udemy #Learning"
331390,2026-08-07T05:42:56+00:00,https://t.me/Udemy_Free_Courses4/331390,AZ-104,"**Microsoft Azure Architecture: Master Mock Exams**  Microsoft Azure is the cloud of choice for Fortune 500 companies. Because of its deep integration with enterprise tools, passing a technical interview for an Azure engineering role—or passing the AZ-104 and AZ-305 exams—requires you to h...  ⭐ 4.8 | ~~$199.99~~ Limited **FREE**  #IT #FreeCourses #Udemy #Learning"
331391,2026-08-07T05:43:25+00:00,https://t.me/Udemy_Free_Courses4/331391,CCNA,"**Cisco CCNA & IT Networking: Master Mock Exams**  You cannot secure a network, deploy a cloud server, or build a scalable application if you do not understand how data actually moves from Point A to Point B. Computer networking is the invisible backbone of the entire modern world. Howev...  ⭐ 4.8 | ~~$199.99~~ Limited **FREE**  #IT #FreeCourses #Udemy #Learning"
331393,2026-08-07T06:00:16+00:00,https://t.me/Udemy_Free_Courses4/331393,CCNA,"**Title**: Cisco CCNA & IT Networking: Master Mock Exams **Language**: English (US)  **Headline**: __Test your skills in Subnetting, OSI Model, VLANs, STP, and OSPF routing to ace your CCNA and Network+ exams.__  **Category**: [IT & Software](https://m.forasm.com/it-and-software) > [IT Certifications](https://m.forasm.com/it-and-software/it-certification)"
331404,2026-08-07T06:00:48+00:00,https://t.me/Udemy_Free_Courses4/331404,AZ-104,"**Title**: Microsoft Azure Architecture: Master Mock Exams **Language**: English (US)  **Headline**: __Test your skills in Azure VMSS, Cosmos DB, Entra ID, and ARM templates to ace your AZ-104 & AZ-305 certifications.__  **Category**: [IT & Software](https://m.forasm.com/it-and-software) > [IT Certifications](https://m.forasm.com/it-and-software/it-certification)"
331519,2026-08-07T10:21:21+00:00,https://t.me/Udemy_Free_Courses4/331519,AZ-104,**Microsoft Azure Administrator AZ-104 Practice Tests**  Pass the Microsoft Azure Administrator (AZ-104) exam on your first attempt — fully updated for the latest 2026 exam objectives. The AZ-104 is one of the most popular and in-demand cloud certifications in the world. Passing it earns you t...  ⭐ 4.8 | ~~$199.99~~ Limited **FREE**  #IT #FreeCourses #Udemy #Learning
331543,2026-08-07T10:41:22+00:00,https://t.me/Udemy_Free_Courses4/331543,CCNA,"**CCNA Automation 200-901 (DevNet Associate) Practice Exams**  Pass the 200-901 exam on your first attempt. Cisco rebranded the DevNet track to Automation, so this certification now goes by CCNA Automation while most study material, forum posts and job adverts still say DevNet Associate . Both names...  ⭐ 4.8 | ~~$199.99~~ Limited **FREE**  #IT #FreeCourses #Udemy #Learning"
331614,2026-08-07T13:05:29+00:00,https://t.me/Udemy_Free_Courses4/331614,CCNA,**CCNA Interview Questions | Get a Job.**  Welcome to CCNA Interview Questions. Even after doing CCNA with local institutes its hard to crack network engineer Interviews. Atul Sharma who worked with many TOP companies took one online workshop few days back. These are the videos o...  ⭐ 4.8 | ~~$199.99~~ Limited **FREE**  #Network #IT #FreeCourses #Udemy #Learning
331636,2026-08-07T13:26:29+00:00,https://t.me/Udemy_Free_Courses4/331636,CCNA,"**CCNA (Cisco Certified Network Associate) Practice Exams 2024**  CCNA (Cisco Certified Network Associate) is a foundational certification in networking offered by Cisco Systems. It provides a solid understanding of networking fundamentals, including network devices, protocols, and troubleshooting tech...  ⭐ 4.9 | ~~$199.99~~ Limited **FREE**  #IT #FreeCourses #Udemy #Learning"
331711,2026-08-07T16:00:46+00:00,https://t.me/Udemy_Free_Courses4/331711,200-301|CCNA,**400 CCNA Interview Questions with Answers 2026**  CCNA Interview & Exam Prep: Mastery Practice Tests Master Cisco networking and ace your interviews with 2026’s most comprehensive CCNA practice questions. Cisco CCNA (200-301) and Network Engineering Interview Prep is the ultimate resour...  ⭐ 4.8 | ~~$199.99~~ Limited **FREE**  #Programming #Development #FreeCourses #Udemy #Learning
331729,2026-08-07T17:30:23+00:00,https://t.me/Udemy_Free_Courses4/331729,CCNA,**Title**: 400 CCNA Interview Questions with Answers 2026 **Language**: English (US)  **Headline**: __CCNA Interview Questions Practice Test | Freshers to Experienced | Detailed Explanations for Each Question__  **Category**: [Development](https://m.forasm.com/development) > [Programming Languages](https://m.forasm.com/development/programming-languages)
331750,2026-08-07T18:00:27+00:00,https://t.me/Udemy_Free_Courses4/331750,200-301|CCNA,**Title**: CCNA (Cisco Certified Network Associate) Practice Exams 2026 **Language**: English (US)  **Headline**: __Cisco CCNA 200-301 Practice Test - Full-length Simulation Questions | Help 100+ students passed | Latest Updated 2026__  **Category**: [IT & Software](https://m.forasm.com/it-and-software) > [IT Certifications](https://m.forasm.com/it-and-software/it-certification)
332040,2026-08-08T10:32:13+00:00,https://t.me/Udemy_Free_Courses4/332040,200-301|CCNA,**Title**: Cisco Certified Network Associate (200-301) Practice | 2026 **Language**: English (US)  **Headline**: __Cisco Certified Network Associate (CCNA 200-301)  |  6 Full Tests hep you to pass an exam | Latest 2026 [Unofficial]__  **Category**: [IT & Software](https://m.forasm.com/it-and-software) > [IT Certifications](https://m.forasm.com/it-and-software/it-certification)
332042,2026-08-08T10:41:32+00:00,https://t.me/Udemy_Free_Courses4/332042,200-301|CCNA,**Cisco Certified Network Associate (200-301) Practice | 2026**  Cisco Certified Network Associate (CCNA 200-301) | 6 Full Tests hep you to pass an exam | Latest 2026 [Unofficial]  ⭐ 4.8 | ~~$199.99~~ Limited **FREE**  #IT #FreeCourses #Udemy #Learning
332043,2026-08-08T11:01:33+00:00,https://t.me/Udemy_Free_Courses4/332043,AZ-104,"**Title**: Azure Infrastructure: Cloud Shell and Command Line Tools **Language**: English (US)  **Headline**: __Prerequisites for AZ-104. Professional Azure Shell training: Learn CLI tools, automation, infrastructure__  **Category**: [IT & Software](https://m.forasm.com/it-and-software) > [Other IT & Software](https://m.forasm.com/it-and-software/other-it-and-software)"
332051,2026-08-08T12:00:57+00:00,https://t.me/Udemy_Free_Courses4/332051,200-301|CCNA,**Cisco CCNA 200-301 Question Bank & Mock Exams**  Preparing for the Cisco CCNA 200-301 certification exam ? This course is designed to help you master every domain of the CCNA syllabus through comprehensive practice tests and a question bank curated by networking professionals. The “Cis...  ⭐ 4.8 | ~~$199.99~~ Limited **FREE**  #IT #FreeCourses #Udemy #Learning
332056,2026-08-08T13:01:10+00:00,https://t.me/Udemy_Free_Courses4/332056,200-301|CCNA,**Title**: Cisco CCNA 200-301 Question Bank & Mock Exams **Language**: English (US)  **Headline**: __Get Exam-Ready with Full-Length CCNA Tests and Performance Feedback with Realistic Cisco Mock Exams__  **Category**: [IT & Software](https://m.forasm.com/it-and-software) > [IT Certifications](https://m.forasm.com/it-and-software/it-certification)
332513,2026-08-09T08:05:34+00:00,https://t.me/Udemy_Free_Courses4/332513,200-301|CCNA,**CCNA 200-301 v1.1 Practice Tests & Exam Preparation**  Prepare for the Cisco CCNA 200-301 v1.1 Certification Exam with Confidence Are you preparing for the Cisco Certified Network Associate (CCNA) 200-301 v1.1 exam and looking for high-quality practice questions that truly test your understa...  ⭐ 4.8 | ~~$199.99~~ Limited **FREE**  #IT #FreeCourses #Udemy #Learning
332536,2026-08-09T08:33:12+00:00,https://t.me/Udemy_Free_Courses4/332536,200-301|CCNA,"**Title**: CCNA 200-301 v1.1 Practice Tests & Exam Preparation **Language**: English (US)  **Headline**: __Master and pass Cisco CCNA 200-301 v1.1 with realistic questions with detailed explanations. Updated: July, 2026__  **Category**: [IT & Software](https://m.forasm.com/it-and-software) > [IT Certifications](https://m.forasm.com/it-and-software/it-certification)"
332614,2026-08-09T12:01:35+00:00,https://t.me/Udemy_Free_Courses4/332614,CCNA,"**CCNA (Cisco Certified Network Associate) Practice Exams 2024**  CCNA (Cisco Certified Network Associate) is a foundational certification in networking offered by Cisco Systems. It provides a solid understanding of networking fundamentals, including network devices, protocols, and troubleshooting tech...  ⭐ 4.9 | ~~$199.99~~ Limited **FREE**  #IT #FreeCourses #Udemy #Learning"
332665,2026-08-09T12:35:26+00:00,https://t.me/Udemy_Free_Courses4/332665,200-301|CCNA,**Title**: CCNA (Cisco Certified Network Associate) Practice Exams 2026 **Language**: English (US)  **Headline**: __Cisco CCNA 200-301 Practice Test - Full-length Simulation Questions | Help 100+ students passed | Latest Updated 2026__  **Category**: [IT & Software](https://m.forasm.com/it-and-software) > [IT Certifications](https://m.forasm.com/it-and-software/it-certification)
332710,2026-08-09T17:16:32+00:00,https://t.me/Udemy_Free_Courses4/332710,CompTIA Security+|SY0-701,"**CompTIA Security+ (SY0-701): Cyber Practice Exams**  In today's digital landscape, a single compromised password can bring down an entire organization. Welcome to the CompTIA Security+ (SY0-701) practice assessments! Cybersecurity is no longer just for specialized hackers; it is a mandator...  ⭐ 4.8 | ~~$199.99~~ Limited **FREE**  #Network #IT #FreeCourses #Udemy #Learning"
332716,2026-08-09T17:31:35+00:00,https://t.me/Udemy_Free_Courses4/332716,CompTIA Security+|SY0-701,"**Title**: CompTIA Security+ (SY0-701): Cyber Practice Exams **Language**: English (US)  **Headline**: __Validate your cybersecurity skills with 200 practice scenarios on Malware, Access Control, Cloud Security, and Risk.__  **Category**: [IT & Software](https://m.forasm.com/it-and-software) > [Network & Security](https://m.forasm.com/it-and-software/network-and-security)"
333024,2026-08-10T10:21:13+00:00,https://t.me/Udemy_Free_Courses4/333024,AZ-104,"**AZ-104 Microsoft Azure Administrator Practice Exams 2026**  Are you ready to become a certified Microsoft Azure Administrator? Passing the AZ-104 exam is a big step for your career. It shows employers you have the skills to manage, secure, and monitor cloud environments. But reading study guides...  ⭐ 4.8 | ~~$199.99~~ Limited **FREE**  #IT #FreeCourses #Udemy #Learning"
333169,2026-08-11T04:01:31+00:00,https://t.me/Udemy_Free_Courses4/333169,CompTIA Security+|SY0-701,**Title**: Pass the CompTIA Security+ SY0-701 Practice Test 2026 **Language**: English (US)  **Headline**: __Prepare for your exam with realistic questions. Get clear explanations and pass with confidence!__  **Category**: [IT & Software](https://m.forasm.com/it-and-software) > [IT Certifications](https://m.forasm.com/it-and-software/it-certification)
333185,2026-08-11T04:02:35+00:00,https://t.me/Udemy_Free_Courses4/333185,CompTIA Security+|SY0-701,**Pass the CompTIA Security+ SY0-701 Practice Test 2026**  Are you studying for the CompTIA Security+ SY0-701 exam? I made this practice test course just for you. We will go through the exact topics you need to know for 2026. Taking tests can be scary. I understand how you feel. That is why I wr...  ⭐ 4.8 | ~~$199.99~~ Limited **FREE**  #IT #FreeCourses #Udemy #Learning
333249,2026-08-11T08:00:30+00:00,https://t.me/Udemy_Free_Courses4/333249,CCNA,**Title**: Examen Cisco CCNA: 100 Preguntas y Respuestas Esenciales **Language**: Spanish (Spain)  **Headline**: __Prepárate para el éxito: Domina el examen CCNA con 100 preguntas clave__  **Category**: [IT & Software](https://m.forasm.com/it-and-software) > [Network & Security](https://m.forasm.com/it-and-software/network-and-security)
333301,2026-08-11T09:32:48+00:00,https://t.me/Udemy_Free_Courses4/333301,200-301|CCNA,"**Title**: Certificación Cisco CCNA 200-301: Introducción a las Redes. **Language**: Spanish (Spain)  **Headline**: __Introducción de Camino a la Certificación del CCNA, donde vas a tener tu primer acercamiento al mundo de las redes.-__  **Category**: [IT & Software](https://m.forasm.com/it-and-software) > [IT Certifications](https://m.forasm.com/it-and-software/it-certification)"
333443,2026-08-11T14:48:31+00:00,https://t.me/Udemy_Free_Courses4/333443,CompTIA Security+|SY0-701,"**Security+ Exam Prep: Practice Exams for CompTIA Security+ #1**  Ready to pass the CompTIA Security+ SY0-701 on your first attempt? This course gives you 5 full-length, exam-style practice tests built specifically for the current SY0-701 exam blueprint — the version active right now in 2025–2026. Ever...  ⭐ 4.8 | ~~$199.99~~ Limited **FREE**  #IT #FreeCourses #Udemy #Learning"
333444,2026-08-11T14:48:32+00:00,https://t.me/Udemy_Free_Courses4/333444,CompTIA Security+|SY0-701,"**Security+ Exam Prep: Practice Exams for CompTIA Security+ #2**  More practice. Harder questions. Zero repeated content from Course #1. This is the second volume in the Security+ Exam Prep series — 5 completely new full-length practice tests built for the SY0-701 exam, with fresh questions, more scena...  ⭐ 4.8 | ~~$199.99~~ Limited **FREE**  #IT #FreeCourses #Udemy #Learning"
333465,2026-08-11T15:31:10+00:00,https://t.me/Udemy_Free_Courses4/333465,CompTIA Security+|SY0-701,**Title**: Security+ Exam Prep: Practice Exams for CompTIA Security+ #1 **Language**: English (US)  **Headline**: __5 Full-Length SY0-701 Practice Tests | 450 Questions | Exam-Style Difficulty | Pass-Ready Prep__  **Category**: [IT & Software](https://m.forasm.com/it-and-software) > [IT Certifications](https://m.forasm.com/it-and-software/it-certification)
333484,2026-08-11T15:33:15+00:00,https://t.me/Udemy_Free_Courses4/333484,CompTIA Security+|SY0-701,**Title**: Security+ Exam Prep: Practice Exams for CompTIA Security+ #2 **Language**: English (US)  **Headline**: __5 More Full-Length SY0-701 Practice Tests | 450 New Questions | Advanced Scenarios | Exam-Day Ready__  **Category**: [IT & Software](https://m.forasm.com/it-and-software) > [IT Certifications](https://m.forasm.com/it-and-software/it-certification)
333801,2026-08-12T04:46:34+00:00,https://t.me/Udemy_Free_Courses4/333801,200-301|CCNA,"**Cisco CCNA (200-301) & Networking Mastery: Practice Exams**  Every time you load a webpage, query a database, or stream a video, complex hardware is quietly making thousands of routing decisions per second. Welcome to the Cisco CCNA & Networking Fundamentals practice assessments! The cloud is just...  ⭐ 4.8 | ~~$199.99~~ Limited **FREE**  #Network #IT #FreeCourses #Udemy #Learning"
333818,2026-08-12T05:01:38+00:00,https://t.me/Udemy_Free_Courses4/333818,200-301|CCNA,"**Title**: Cisco CCNA (200-301) & Networking Mastery: Practice Exams **Language**: English (US)  **Headline**: __Pass your CCNA with 200 realistic questions on IPv4/IPv6 Subnetting, Routing (OSPF), VLANs, and Network Automation.__  **Category**: [IT & Software](https://m.forasm.com/it-and-software) > [Network & Security](https://m.forasm.com/it-and-software/network-and-security)"
334386,2026-08-13T13:46:09+00:00,https://t.me/Udemy_Free_Courses4/334386,CompTIA Security+|SY0-701,**CompTIA Security+ SY0-701: 6 Practice Exams 2026**  You've finished your Security+ training. Now you need to know if you're actually ready for the $404 certification exam. These aren't easy practice questions designed to boost your confidence. They're realistic exam simulations that show...  ⭐ 4.8 | ~~$199.99~~ Limited **FREE**  #IT #FreeCourses #Udemy #Learning
334720,2026-08-14T17:16:16+00:00,https://t.me/Udemy_Free_Courses4/334720,CompTIA Security+|SY0-701,**CompTIA Security+ (SY0-701): Practice Exams**  Please Note: This is a Practice Test-only course. It contains comprehensive multiple-choice assessments and detailed explanations to test your knowledge. There are no video lectures included. Are you preparing to take the official CompTI...  ⭐ 4.8 | ~~$199.99~~ Limited **FREE**  #IT #FreeCourses #Udemy #Learning
334864,2026-08-15T05:01:55+00:00,https://t.me/Udemy_Free_Courses4/334864,CCNA,"**Title**: Cisco CCNA : Certification Complète et Pratique **Language**: French (France)  **Headline**: __Formation complète sur les réseaux, protocoles, sécurité et configuration Cisco pour réussir votre certification CCNA.__  **Category**: [IT & Software](https://m.forasm.com/it-and-software) > [Network & Security](https://m.forasm.com/it-and-software/network-and-security)"
334980,2026-08-15T13:41:44+00:00,https://t.me/Udemy_Free_Courses4/334980,CompTIA Security+|SY0-701,**CompTIA Security+ (SY0-701) Practice Tests**  1.0 General Security Concepts (12 % of the exam) Compare and contrast various types of security controls. Summarize fundamental security concepts. Explain the importance of change management processes and the impact to security. Explain...  ⭐ 4.6 | ~~$199.99~~ Limited **FREE**  #IT #FreeCourses #Udemy #Learning
334990,2026-08-15T14:00:18+00:00,https://t.me/Udemy_Free_Courses4/334990,CompTIA Security+|SY0-701,"**Title**: CompTIA Security+ (SY0-701) Practice Tests **Language**: English (US)  **Headline**: __5 Practice Tests, 450 Questions, Answers and Explanations covering all listed Security+ SY0-701 exam objectives__  **Category**: [IT & Software](https://m.forasm.com/it-and-software) > [IT Certifications](https://m.forasm.com/it-and-software/it-certification)"
335052,2026-08-15T19:10:43+00:00,https://t.me/Udemy_Free_Courses4/335052,SC-200,"**SC-200 Microsoft Security Operations Analyst Practice Exams**  Pass the SC-200 exam on your first attempt. SC-200 is an operational exam, not a conceptual one. It does not ask what a SIEM is; it puts you in front of an environment and asks how you would configure the connector, tune the analytics ru...  ⭐ 4.8 | ~~$199.99~~ Limited **FREE**  #IT #FreeCourses #Udemy #Learning"
335060,2026-08-15T19:21:14+00:00,https://t.me/Udemy_Free_Courses4/335060,CCNA,"**CCNA Automation 200-901 (DevNet Associate) Practice Exams**  Pass the 200-901 exam on your first attempt. Cisco rebranded the DevNet track to Automation, so this certification now goes by CCNA Automation while most study material, forum posts and job adverts still say DevNet Associate . Both names...  ⭐ 4.8 | ~~$199.99~~ Limited **FREE**  #IT #FreeCourses #Udemy #Learning"
335069,2026-08-15T19:30:10+00:00,https://t.me/Udemy_Free_Courses4/335069,CCNA,"**Title**: CCNA Automation 200-901 (DevNet Associate) Practice Exams **Language**: English (US)  **Headline**: __Exam-style questions with full explanations for CCNAAUTO: APIs, Python, Cisco platforms, automation & networking__  **Category**: [IT & Software](https://m.forasm.com/it-and-software) > [IT Certifications](https://m.forasm.com/it-and-software/it-certification)"
335087,2026-08-15T19:32:43+00:00,https://t.me/Udemy_Free_Courses4/335087,SC-200,"**Title**: SC-200 Microsoft Security Operations Analyst Practice Exams **Language**: English (US)  **Headline**: __Exam-style questions with full explanations for SC-200: Sentinel, Defender XDR, KQL hunting, automation and response__  **Category**: [IT & Software](https://m.forasm.com/it-and-software) > [IT Certifications](https://m.forasm.com/it-and-software/it-certification)"
335095,2026-08-15T19:52:38+00:00,https://t.me/Udemy_Free_Courses4/335095,AZ-104,**Microsoft Azure Administrator AZ-104 Practice Tests**  Pass the Microsoft Azure Administrator (AZ-104) exam on your first attempt — fully updated for the latest 2026 exam objectives. The AZ-104 is one of the most popular and in-demand cloud certifications in the world. Passing it earns you t...  ⭐ 4.8 | ~~$199.99~~ Limited **FREE**  #IT #FreeCourses #Udemy #Learning
335139,2026-08-15T20:33:12+00:00,https://t.me/Udemy_Free_Courses4/335139,AZ-104,**Title**: Microsoft Azure Administrator AZ-104 Practice Tests **Language**: English (US)  **Headline**: __Realistic scenario questions with detailed explanations to pass the Microsoft Azure Administrator AZ-104 exam first try__  **Category**: [IT & Software](https://m.forasm.com/it-and-software) > [IT Certifications](https://m.forasm.com/it-and-software/it-certification)
335263,2026-08-16T03:42:20+00:00,https://t.me/Udemy_Free_Courses4/335263,200-301|CCNA,"**CCNA Practice Tests 2026 | 500+ Questions & Explanations**  Are you ready to pass the Cisco CCNA 200-301 exam on your first attempt ? This course is designed to help you build confidence and master the exam mindset through realistic practice tests, detailed explanations, and real-world networking...  ⭐ 4.8 | ~~$199.99~~ Limited **FREE**  #IT #FreeCourses #Udemy #Learning"
335264,2026-08-16T03:42:22+00:00,https://t.me/Udemy_Free_Courses4/335264,CompTIA Security+|SY0-701,"**CompTIA Security+ Practice Tests – Real Exam Simulation 2026**  Are you ready to pass the CompTIA Security+ SY0-701 exam on your first attempt? This course is designed to help you master the exam format , identify your weak areas, and build the confidence needed to succeed — using high-quality, exam-...  ⭐ 4.8 | ~~$199.99~~ Limited **FREE**  #IT #FreeCourses #Udemy #Learning"
335296,2026-08-16T07:00:18+00:00,https://t.me/Udemy_Free_Courses4/335296,200-301|CCNA,"**Title**: CCNA Practice Tests 2026 | 500+ Questions & Explanations **Language**: English (US)  **Headline**: __Prepare for the CCNA 200-301 with realistic practice tests, detailed explanations, and real-world networking scenarios__  **Category**: [IT & Software](https://m.forasm.com/it-and-software) > [IT Certifications](https://m.forasm.com/it-and-software/it-certification)"
335314,2026-08-16T07:02:02+00:00,https://t.me/Udemy_Free_Courses4/335314,CompTIA Security+|SY0-701,"**Title**: CompTIA Security+ Practice Tests – Real Exam Simulation 2026 **Language**: English (US)  **Headline**: __Pass the CompTIA Security+ SY0-701 exam with 500+ realistic questions, detailed explanations, and full exam simulation__  **Category**: [IT & Software](https://m.forasm.com/it-and-software) > [IT Certifications](https://m.forasm.com/it-and-software/it-certification)"
335402,2026-08-16T10:06:41+00:00,https://t.me/Udemy_Free_Courses4/335402,AZ-104,"**AZ-104: Microsoft Azure Administrator Practice Tests - 2025**  Are you preparing for the Microsoft Azure Administrator (AZ-104) certification exam and looking for the most realistic, up-to-date, and detailed practice tests ? This course is designed to help you pass the AZ-104 exam on your first atte...  ⭐ 5.0 | ~~$199.99~~ Limited **FREE**  #IT #FreeCourses #Udemy #Learning"
335407,2026-08-16T10:09:21+00:00,https://t.me/Udemy_Free_Courses4/335407,CompTIA Security+|SY0-701,"**CompTIA Security+ SY0-701: Practice Tests - Updated 2025**  Are you ready to pass the CompTIA Security+ SY0-701 certification exam and kickstart or advance your career in cybersecurity ? This course offers 3 full-length, high-quality practice tests carefully designed to reflect the real exam form...  ⭐ 4.9 | ~~$199.99~~ Limited **FREE**  #IT #FreeCourses #Udemy #Learning"
335421,2026-08-16T10:15:52+00:00,https://t.me/Udemy_Free_Courses4/335421,200-301|CCNA,"**Cisco CCNA 200-301: Practice Test Exams 2025 – version 1**  The Cisco CCNA 200-301 is a single exam for the Cisco Certified Network Associate certification, which is a foundational credential for networking professionals. The 120-minute exam covers network fundamentals, network access, IP connect...  ⭐ 4.4 | ~~$199.99~~ Limited **FREE**  #IT #FreeCourses #Udemy #Learning"
335456,2026-08-16T10:46:30+00:00,https://t.me/Udemy_Free_Courses4/335456,AZ-104,**AZ-104 Practice Tests 2026 | Azure Administrator Associate**  The Azure Administrator Associate (AZ-104) Practice Test Course is a comprehensive exam-focused training resource designed to help students confidently prepare for and pass the official Microsoft AZ-104 certification exam . This course i...  ⭐ 4.8 | ~~$199.99~~ Limited **FREE**  #IT #FreeCourses #Udemy #Learning
335513,2026-08-16T11:27:40+00:00,https://t.me/Udemy_Free_Courses4/335513,AZ-104,**AZ-104 Microsoft Azure Administrator Associate Practice Test**  AZ-104: Microsoft Azure Administrator Practice Tests & Exams Are you preparing for the AZ-104: Microsoft Azure Administrator Practice Tests & Exams and wondering if you're truly ready for the certification exam? Looking for realistic pra...  ⭐ 4.8 | ~~$199.99~~ Limited **FREE**  #IT #FreeCourses #Udemy #Learning
335636,2026-08-16T12:52:25+00:00,https://t.me/Udemy_Free_Courses4/335636,CompTIA Security+|SY0-701,**CompTIA Security+ SY0-701 Practice Tests 2026 | 1080 Qs**  The CompTIA Security+ (SY0-701) Practice Test course is designed for students and IT professionals who want to validate their cybersecurity knowledge and prepare for the official Security+ certification exam with confidence. This course...  ⭐ 4.8 | ~~$199.99~~ Limited **FREE**  #IT #FreeCourses #Udemy #Learning
335679,2026-08-16T13:31:55+00:00,https://t.me/Udemy_Free_Courses4/335679,CompTIA Security+|SY0-701,"**Title**: CompTIA Security+ SY0-701 Practice Tests 2026 | 1080 Qs **Language**: English (US)  **Headline**: __6 Full Exams, 1080+ Questions, PBQs & All 5 Domains – Zero Trust, IR & Cryptography, Explanations & Pass First Attempt__  **Category**: [IT & Software](https://m.forasm.com/it-and-software) > [IT Certifications](https://m.forasm.com/it-and-software/it-certification)"
336154,2026-08-18T05:01:33+00:00,https://t.me/Udemy_Free_Courses4/336154,200-301|CCNA,**Title**: Cisco Certified Network Associate (200-301) Practice | 2026 **Language**: English (US)  **Headline**: __Cisco Certified Network Associate (CCNA 200-301)  |  6 Full Tests hep you to pass an exam | Latest 2026 [Unofficial]__  **Category**: [IT & Software](https://m.forasm.com/it-and-software) > [IT Certifications](https://m.forasm.com/it-and-software/it-certification)
336162,2026-08-18T05:02:02+00:00,https://t.me/Udemy_Free_Courses4/336162,200-301|CCNA,"**Cisco Certified Network Associate (200-301) Practice | 2024**  Today, we embark on a journey into the world of networking with the CCNA 200-301 certification . This coveted badge validates your mastery of networking fundamentals, equipping you with the skills to build, manage, and secure modern netw...  ⭐ 4.8 | ~~$199.99~~ Limited **FREE**  #IT #FreeCourses #Udemy #Learning"
336204,2026-08-18T06:01:03+00:00,https://t.me/Udemy_Free_Courses4/336204,200-301|CCNA,"**Title**: Cisco CCNA 200-301 Certification Mock Exams & Practice Tests **Language**: English (US)  **Headline**: __Deep dive into modern switching topologies, core routing logic, wireless deployments, and programmatic infrastructure.__  **Category**: [IT & Software](https://m.forasm.com/it-and-software) > [IT Certifications](https://m.forasm.com/it-and-software/it-certification)"
336205,2026-08-18T06:02:04+00:00,https://t.me/Udemy_Free_Courses4/336205,200-301|CCNA,"**Cisco CCNA 200-301 Certification Mock Exams & Practice Tests**  Deep dive into modern switching topologies, core routing logic, wireless deployments, and programmatic infrastructure.  ⭐ 4.8 | ~~$199.99~~ Limited **FREE**  #IT #FreeCourses #Udemy #Learning"
336257,2026-08-18T08:11:06+00:00,https://t.me/Udemy_Free_Courses4/336257,CompTIA Security+|SY0-701,**CompTIA Security+ SY0-701: 1500 Certified Exam Questions**  Build the security knowledge and decision-making skills that modern organizations depend on and prepare for the CompTIA Security+ certification with a comprehensive CompTIA Security+ Practice Test course built around realistic security s...  ⭐ 4.8 | ~~$199.99~~ Limited **FREE**  #IT #FreeCourses #Udemy #Learning
336261,2026-08-18T08:31:52+00:00,https://t.me/Udemy_Free_Courses4/336261,CompTIA Security+|SY0-701,"**Title**: CompTIA Security+ SY0-701: 1500 Certified Exam Questions **Language**: English (US)  **Headline**: __Covers security concepts, threats, architecture, operations, identity, data security, risk, governance, and compliance__  **Category**: [IT & Software](https://m.forasm.com/it-and-software) > [IT Certifications](https://m.forasm.com/it-and-software/it-certification)"
336345,2026-08-18T14:31:44+00:00,https://t.me/Udemy_Free_Courses4/336345,CompTIA Security+|SY0-701,"**Title**: CompTIA Security+ SY0-701 Mock Exams & Practice Tests 2026 **Language**: English (US)  **Headline**: __Covering threats & vulnerabilities, security architecture, security operations & governance to pass the Security+ exam__  **Category**: [IT & Software](https://m.forasm.com/it-and-software) > [IT Certifications](https://m.forasm.com/it-and-software/it-certification)"
336348,2026-08-18T14:32:02+00:00,https://t.me/Udemy_Free_Courses4/336348,CompTIA Security+|SY0-701,"**CompTIA Security+ SY0-701 Mock Exams & Practice Tests 2026**  Covering threats & vulnerabilities, security architecture, security operations & governance to pass the Security+ exam  ⭐ 4.8 | ~~$199.99~~ Limited **FREE**  #IT #FreeCourses #Udemy #Learning"
336950,2026-08-20T13:45:52+00:00,https://t.me/Udemy_Free_Courses4/336950,CompTIA Security+|SY0-701,**CompTIA Security+ (SY0-701) Practice Tests**  1.0 General Security Concepts (12 % of the exam) Compare and contrast various types of security controls. Summarize fundamental security concepts. Explain the importance of change management processes and the impact to security. Explain...  ⭐ 4.6 | ~~$199.99~~ Limited **FREE**  #IT #FreeCourses #Udemy #Learning
337048,2026-08-20T21:12:43+00:00,https://t.me/Udemy_Free_Courses4/337048,CCNA,"**CCNA (Cisco Certified Network Associate) Practice Exams 2024**  CCNA (Cisco Certified Network Associate) is a foundational certification in networking offered by Cisco Systems. It provides a solid understanding of networking fundamentals, including network devices, protocols, and troubleshooting tech...  ⭐ 4.9 | ~~$199.99~~ Limited **FREE**  #IT #FreeCourses #Udemy #Learning"
337338,2026-08-21T15:00:44+00:00,https://t.me/Udemy_Free_Courses4/337338,CompTIA Security+|SY0-701,**CompTIA Security+ (SY0-701) Practice Tests**  1.0 General Security Concepts (12 % of the exam) Compare and contrast various types of security controls. Summarize fundamental security concepts. Explain the importance of change management processes and the impact to security. Explain...  ⭐ 4.6 | ~~$199.99~~ Limited **FREE**  #IT #FreeCourses #Udemy #Learning
337683,2026-08-23T01:08:21+00:00,https://t.me/Udemy_Free_Courses4/337683,SC-200,"**SC-200 Microsoft Security Operations Analyst Practice Exams**  Practice tests & in-depth explanations for Microsoft Sentinel, Defender XDR, threat hunting, and KQL to ace the SC-200  ⭐ 5.0 | ~~$199.99~~ Limited **FREE**  #IT #FreeCourses #Udemy #Learning"
337688,2026-08-23T02:00:18+00:00,https://t.me/Udemy_Free_Courses4/337688,CompTIA Security+|SY0-701,"**SY0-701 CompTIA Security+ Practice Exams [2026]**  Covering threats & vulnerabilities, security architecture, security operations & governance to pass the Security+ exam  ⭐ 5.0 | ~~$199.99~~ Limited **FREE**  #IT #FreeCourses #Udemy #Learning"
337785,2026-08-24T01:38:58+00:00,https://t.me/Udemy_Free_Courses4/337785,SC-200,"**SC-200 Microsoft Security Operations Analyst Practice Exams**  Practice tests & in-depth explanations for Microsoft Sentinel, Defender XDR, threat hunting, and KQL to ace the SC-200  ⭐ 5.0 | ~~$199.99~~ Limited **FREE**  #IT #FreeCourses #Udemy #Learning"
337840,2026-08-25T01:49:58+00:00,https://t.me/Udemy_Free_Courses4/337840,SC-200,"**SC-200 Microsoft Security Operations Analyst Practice Exams**  Practice tests & in-depth explanations for Microsoft Sentinel, Defender XDR, threat hunting, and KQL to ace the SC-200  ⭐ 5.0 | ~~$199.99~~ Limited **FREE**  #IT #FreeCourses #Udemy #Learning"
337937,2026-08-26T00:23:06+00:00,https://t.me/Udemy_Free_Courses4/337937,SC-200,"**SC-200 Microsoft Security Operations Analyst Practice Exams**  Practice tests & in-depth explanations for Microsoft Sentinel, Defender XDR, threat hunting, and KQL to ace the SC-200  ⭐ 5.0 | ~~$199.99~~ Limited **FREE**  #IT #FreeCourses #Udemy #Learning"
338114,2026-08-28T04:15:39+00:00,https://t.me/Udemy_Free_Courses4/338114,CompTIA Security+|SY0-701,⚡ **Fresh free-course find**  🎟️ 92 left · **FREE NOW** · checked just now  **SY0-701 CompTIA Security+ Practice Tests**  Practise the key topics and spend your next study session where the gaps are.
338174,2026-08-29T04:29:56+00:00,https://t.me/Udemy_Free_Courses4/338174,CompTIA Security+|SY0-701,⚡ **Fresh free-course find**  🎟️ 33 left · **FREE NOW** · checked just now  **SY0-701 CompTIA Security+ Practice Tests**  Practise the key topics and spend your next study session where the gaps are.
338228,2026-08-30T04:37:06+00:00,https://t.me/Udemy_Free_Courses4/338228,CompTIA Security+|SY0-701,⚡ **Fresh free-course find**  🎟️ 46 left · **FREE NOW** · checked just now  **SY0-701 CompTIA Security+ Practice Tests**  Practise the key topics and spend your next study session where the gaps are.
338315,2026-08-31T04:54:03+00:00,https://t.me/Udemy_Free_Courses4/338315,CompTIA Security+|SY0-701,⚡ **Fresh free-course find**  🚨 Only 4 · **FREE NOW** · checked just now  **SY0-701 CompTIA Security+ Practice Tests**  Practise the key topics and spend your next study session where the gaps are.
338482,2026-09-01T10:05:10+00:00,https://t.me/Udemy_Free_Courses4/338482,CCNA,"⚡ **Fresh free-course find**  🎟️ 97 left · **FREE NOW** · checked just now  **CCNA (Cisco Certified Network Associate) Practice Tests**  Check your readiness with a few realistic questions, then see what to revisit."
